-- phpMyAdmin SQL Dump
-- version 5.2.0
-- https://www.phpmyadmin.net/
--
-- Host: 127.0.0.1
-- Generation Time: Jan 06, 2023 at 04:35 AM
-- Server version: 10.4.24-MariaDB
-- PHP Version: 8.1.6

SET SQL_MODE = "NO_AUTO_VALUE_ON_ZERO";
START TRANSACTION;
SET time_zone = "+00:00";


/*!40101 SET @OLD_CHARACTER_SET_CLIENT=@@CHARACTER_SET_CLIENT */;
/*!40101 SET @OLD_CHARACTER_SET_RESULTS=@@CHARACTER_SET_RESULTS */;
/*!40101 SET @OLD_COLLATION_CONNECTION=@@COLLATION_CONNECTION */;
/*!40101 SET NAMES utf8mb4 */;

--
-- Database: `db_perpus`
--

-- --------------------------------------------------------

--
-- Table structure for table `book`
--

CREATE TABLE `book` (
  `id` varchar(255) NOT NULL,
  `judul` varchar(255) NOT NULL,
  `penulis` varchar(255) NOT NULL,
  `kategori` varchar(255) NOT NULL,
  `jumlah` int(11) NOT NULL
) ENGINE=InnoDB DEFAULT CHARSET=utf8mb4;

--
-- Dumping data for table `book`
--

INSERT INTO `book` (`id`, `judul`, `penulis`, `kategori`, `jumlah`) VALUES
('2027', 'attack on titan', 'hajime isayama', 'komik', 17),
('2167', 'boruto', 'masashi kishimoto', 'komik', 20),
('2519', 'death note', 'Tsugumi Ohba', 'komik', 20),
('3306', 'naruto', 'masashi kishimoto', 'komik', 20),
('4507', 'noragami', 'adachitoka', 'komik', 20),
('5043', 'blue box', 'koji miura', 'komik', 19),
('5075', 'one punch man', 'one', 'komik', 20),
('5136', 'boku no hero', 'kohei horikoshi', 'komik', 20),
('5976', 'spy × family', 'tatsuya endo', 'komik', 20),
('6135', 'black clover', 'yuki tabata', 'komik', 20),
('9982', 'one piece', 'eiichiro oda', 'komik', 19);

-- --------------------------------------------------------

--
-- Table structure for table `member`
--

CREATE TABLE `member` (
  `id` varchar(255) NOT NULL,
  `nama` varchar(255) NOT NULL,
  `tglLahir` varchar(255) NOT NULL,
  `alamat` text NOT NULL,
  `kelamin` varchar(255) NOT NULL,
  `telepon` varchar(255) NOT NULL
) ENGINE=InnoDB DEFAULT CHARSET=utf8mb4;

--
-- Dumping data for table `member`
--

INSERT INTO `member` (`id`, `nama`, `tglLahir`, `alamat`, `kelamin`, `telepon`) VALUES
('1123', 'komi', '01/01/2000', 'bandung', 'wanita', '08123456789'),
('1356', 'raisa', '01/01/2000', 'bandung', 'wanita', '08123333444'),
('1935', 'syam', '01/01/2000', 'bandung', 'pria', '08123333444'),
('2145', 'loid', '01/01/2000', 'bandung', 'pria', '08123456789'),
('2585', 'iwan', '01/01/2000', 'bandung', 'pria', '08123456789'),
('3215', 'tadano', '01/01/2000', 'bandung', 'pria', '08123456789'),
('3586', 'sakura', '01/01/2000', 'bandung', 'wanita', '08123456789'),
('4416', 'yuki', '01/01/2000', 'bandung', 'pria', '08123456789'),
('5562', 'takagi', '01/01/2000', 'bandung', 'wanita', '08123456789'),
('7526', 'hiyori', '01/01/2000', 'bandung', 'wanita', '08123456789');

-- --------------------------------------------------------

--
-- Table structure for table `transaction`
--

CREATE TABLE `transaction` (
  `id` bigint(20) NOT NULL,
  `transactionId` varchar(255) NOT NULL,
  `bookId` varchar(255) NOT NULL,
  `memberId` varchar(255) NOT NULL,
  `tglPinjam` varchar(255) NOT NULL,
  `tglKembali` varchar(255) DEFAULT NULL,
  `tglEstimasi` varchar(255) NOT NULL,
  `totalDenda` varchar(255) DEFAULT NULL
) ENGINE=InnoDB DEFAULT CHARSET=utf8mb4;

--
-- Dumping data for table `transaction`
--

INSERT INTO `transaction` (`id`, `transactionId`, `bookId`, `memberId`, `tglPinjam`, `tglKembali`, `tglEstimasi`, `totalDenda`) VALUES
(24, '8150', '2027', '1123', '24/12/2022', '04/01/2023', '31/12/2022', '6000'),
(25, '8150', '2167', '1123', '24/12/2022', '04/01/2023', '31/12/2022', '6000'),
(26, '8150', '2519', '1123', '24/12/2022', '04/01/2023', '31/12/2022', '6000'),
(27, '9776', '5043', '1123', '01/01/2023', '04/01/2023', '06/01/2023', '0'),
(28, '9776', '5075', '1123', '01/01/2023', '04/01/2023', '06/01/2023', '0'),
(29, '8851', '5136', '1123', '25/12/2022', '04/01/2023', '01/01/2023', '4500'),
(30, '6756', '5976', '1123', '02/01/2023', '04/01/2023', '09/01/2023', '0'),
(31, '5005', '9982', '1123', '04/01/2023', '04/01/2023', '11/01/2023', '0'),
(32, '5005', '6135', '1123', '04/01/2023', '04/01/2023', '11/01/2023', '0'),
(33, '5005', '5136', '1123', '04/01/2023', '04/01/2023', '11/01/2023', '0'),
(34, '9851', '6135', '1356', '24/12/2022', '04/01/2023', '31/12/2022', '6000'),
(35, '3261', '5075', '1356', '27/12/2022', '04/01/2023', '03/01/2023', '1500'),
(36, '3261', '4507', '1356', '27/12/2022', '04/01/2023', '03/01/2023', '1500'),
(37, '7088', '2519', '1356', '28/12/2022', '04/01/2023', '04/01/2023', '0'),
(38, '7088', '3306', '1356', '28/12/2022', '04/01/2023', '04/01/2023', '0'),
(39, '5271', '5976', '1356', '19/12/2022', '04/01/2023', '26/12/2022', '13500'),
(40, '0156', '2027', '1356', '21/12/2022', '04/01/2023', '28/12/2022', '10500'),
(41, '0987', '9982', '1935', '18/12/2022', '04/01/2023', '25/12/2022', '15000'),
(42, '0987', '5976', '1935', '18/12/2022', '04/01/2023', '25/12/2022', '15000'),
(43, '0987', '5075', '1935', '18/12/2022', '04/01/2023', '25/12/2022', '15000'),
(44, '0987', '5043', '1935', '18/12/2022', '04/01/2023', '25/12/2022', '15000'),
(45, '2788', '2519', '1935', '01/01/2023', '04/01/2023', '08/01/2023', '0'),
(46, '3933', '5136', '1935', '02/01/2023', '04/01/2023', '09/01/2023', '0'),
(47, '3859', '3306', '1935', '30/12/2022', '04/01/2023', '04/01/2023', '0'),
(48, '2911', '4507', '1935', '12/12/2022', '04/01/2023', '19/12/2022', '24000'),
(49, '0842', '2027', '2145', '27/12/2022', '04/01/2023', '02/01/2023', '3000'),
(50, '0842', '9982', '2145', '27/12/2022', '04/01/2023', '02/01/2023', '3000'),
(51, '8792', '5043', '2145', '01/12/2022', '04/01/2023', '08/12/2022', '40500'),
(52, '8792', '5136', '2145', '01/12/2022', '04/01/2023', '08/12/2022', '40500'),
(53, '3140', '2519', '2145', '15/12/2022', '04/01/2023', '22/12/2022', '19500'),
(54, '3788', '6135', '2145', '27/11/2022', '04/01/2023', '05/12/2022', '45000'),
(55, '3788', '5976', '2145', '27/11/2022', '04/01/2023', '05/12/2022', '45000'),
(56, '8053', '5075', '2145', '01/11/2022', '04/01/2023', '08/11/2022', '85500'),
(57, '4801', '2027', '2585', '01/12/2022', '04/01/2023', '12/12/2022', '34500'),
(58, '6680', '9982', '2585', '20/12/2022', '04/01/2023', '27/12/2022', '12000'),
(59, '1918', '5136', '2585', '20/11/2022', '04/01/2023', '27/11/2022', '57000'),
(60, '6794', '3306', '2585', '13/12/2022', '04/01/2023', '20/12/2022', '22500'),
(61, '0380', '2519', '2585', '19/12/2022', '04/01/2023', '26/12/2022', '13500'),
(62, '2292', '2167', '3215', '01/01/2023', '04/01/2023', '08/01/2023', '0'),
(63, '2292', '3306', '3215', '01/01/2023', '04/01/2023', '08/01/2023', '0'),
(64, '4839', '5136', '3215', '01/01/2023', '04/01/2023', '05/01/2023', '0'),
(65, '4267', '5976', '3215', '03/01/2023', '04/01/2023', '10/01/2023', '0'),
(66, '0639', '9982', '3215', '27/12/2022', '04/01/2023', '03/01/2023', '1500'),
(67, '0639', '6135', '3215', '27/12/2022', '04/01/2023', '03/01/2023', '1500'),
(68, '2771', '2519', '3215', '13/12/2022', '04/01/2023', '20/12/2022', '22500'),
(69, '9891', '9982', '3586', '30/12/2022', '04/01/2023', '03/01/2023', '1500'),
(70, '7671', '6135', '3586', '01/12/2022', '04/01/2023', '08/12/2022', '40500'),
(71, '4679', '5976', '3586', '08/12/2022', '04/01/2023', '12/12/2022', '34500'),
(72, '7743', '5136', '3586', '20/12/2022', '04/01/2023', '27/12/2022', '12000'),
(73, '4195', '5075', '3586', '25/11/2022', '04/01/2023', '10/12/2022', '37500'),
(74, '9892', '9982', '4416', '30/12/2022', '04/01/2023', '03/01/2023', '1500'),
(75, '7672', '6135', '4416', '01/12/2022', '04/01/2023', '08/12/2022', '40500'),
(76, '4680', '5976', '4416', '08/12/2022', '04/01/2023', '12/12/2022', '34500'),
(77, '7744', '5136', '4416', '20/12/2022', '04/01/2023', '27/12/2022', '12000'),
(78, '4196', '5075', '4416', '25/11/2022', '04/01/2023', '10/12/2022', '37500'),
(79, '9893', '9982', '5562', '30/12/2022', '04/01/2023', '03/01/2023', '1500'),
(80, '7673', '6135', '5562', '01/12/2022', '04/01/2023', '08/12/2022', '40500'),
(81, '4681', '5976', '5562', '08/12/2022', '04/01/2023', '12/12/2022', '34500'),
(82, '7745', '5136', '5562', '20/12/2022', '04/01/2023', '27/12/2022', '12000'),
(83, '4197', '5075', '5562', '25/11/2022', '04/01/2023', '10/12/2022', '37500'),
(84, '9894', '9982', '7526', '30/12/2022', '04/01/2023', '03/01/2023', '1500'),
(85, '7674', '6135', '7526', '01/12/2022', '04/01/2023', '08/12/2022', '40500'),
(86, '4682', '5976', '7526', '08/12/2022', '04/01/2023', '12/12/2022', '34500'),
(87, '7746', '5136', '7526', '20/12/2022', '04/01/2023', '27/12/2022', '12000'),
(88, '4198', '5075', '7526', '25/11/2022', '04/01/2023', '10/12/2022', '37500'),
(89, '0843', '2027', '2145', '27/12/2022', '04/01/2023', '02/01/2023', '3000'),
(90, '4494', '2027', '2145', '01/01/2023', NULL, '06/01/2023', NULL),
(91, '4494', '9982', '2145', '01/01/2023', NULL, '06/01/2023', NULL),
(92, '4494', '5043', '2145', '01/01/2023', NULL, '06/01/2023', NULL),
(93, '0975', '2027', '2145', '01/01/2023', NULL, '06/01/2023', NULL),
(94, '0975', '2027', '2145', '01/01/2023', NULL, '06/01/2023', NULL);

-- --------------------------------------------------------

--
-- Table structure for table `user`
--

CREATE TABLE `user` (
  `id` bigint(20) UNSIGNED NOT NULL,
  `username` varchar(255) NOT NULL,
  `password` varchar(255) NOT NULL
) ENGINE=InnoDB DEFAULT CHARSET=utf8mb4;

--
-- Dumping data for table `user`
--

INSERT INTO `user` (`id`, `username`, `password`) VALUES
(1, 'admin', '123');

--
-- Indexes for dumped tables
--

--
-- Indexes for table `book`
--
ALTER TABLE `book`
  ADD PRIMARY KEY (`id`);

--
-- Indexes for table `member`
--
ALTER TABLE `member`
  ADD PRIMARY KEY (`id`);

--
-- Indexes for table `transaction`
--
ALTER TABLE `transaction`
  ADD PRIMARY KEY (`id`),
  ADD KEY `bookId` (`bookId`),
  ADD KEY `memberId` (`memberId`);

--
-- Indexes for table `user`
--
ALTER TABLE `user`
  ADD PRIMARY KEY (`id`);

--
-- AUTO_INCREMENT for dumped tables
--

--
-- AUTO_INCREMENT for table `transaction`
--
ALTER TABLE `transaction`
  MODIFY `id` bigint(20) NOT NULL AUTO_INCREMENT, AUTO_INCREMENT=95;

--
-- AUTO_INCREMENT for table `user`
--
ALTER TABLE `user`
  MODIFY `id` bigint(20) UNSIGNED NOT NULL AUTO_INCREMENT, AUTO_INCREMENT=2;

--
-- Constraints for dumped tables
--

--
-- Constraints for table `transaction`
--
ALTER TABLE `transaction`
  ADD CONSTRAINT `transaction_ibfk_1` FOREIGN KEY (`bookId`) REFERENCES `book` (`id`),
  ADD CONSTRAINT `transaction_ibfk_2` FOREIGN KEY (`memberId`) REFERENCES `member` (`id`);
COMMIT;

/*!40101 SET CHARACTER_SET_CLIENT=@OLD_CHARACTER_SET_CLIENT */;
/*!40101 SET CHARACTER_SET_RESULTS=@OLD_CHARACTER_SET_RESULTS */;
/*!40101 SET COLLATION_CONNECTION=@OLD_COLLATION_CONNECTION */;
